id,pos,model,fp_pts
00-0039139,RB,28.26,25.6
00-0034857,QB,24.41,22.7
00-0038543,WR,22.84,21.8
00-0038134,RB,21.56,21.0
00-0033280,RB,21.54,19.5
00-0036223,RB,21.19,18.5
00-0036963,WR,20.96,20.3
00-0037744,TE,20.52,16.5
00-0032764,RB,20.38,18.9
00-0033873,QB,20.19,19.7
00-0040743,QB,19.95,19.5
00-0037239,WR,19.81,19.3
00-0037834,QB,19.3,19.2
00-0039918,QB,19.18,0.5
00-0038542,RB,19.0,21.8
00-0040122,RB,18.75,17.7
00-0039075,WR,18.73,13.7
00-0033106,QB,18.55,19.0
00-0037248,RB,18.53,16.7
00-0036900,WR,18.47,19.9
00-0039150,QB,17.83,18.0
00-0034796,QB,17.79,21.4
00-0038597,RB,17.75,16.3
00-0033077,QB,17.74,18.7
00-0026498,QB,17.7,17.0
00-0036971,QB,17.41,20.8
00-0036442,QB,17.36,20.2
00-0036275,RB,17.15,14.9
00-0033119,QB,17.11,16.4
00-0031381,WR,17.1,14.9
00-0039732,QB,16.99,16.8
00-0039338,TE,16.98,18.8
00-0039163,QB,16.97,17.2
00-0036358,WR,16.89,17.1
00-0039910,QB,16.58,0.4
00-0036389,QB,16.25,18.3
00-0036554,WR,16.2,14.9
00-0036997,RB,16.06,14.2
00-0038124,WR,15.84,15.8
00-0037740,WR,15.75,17.6
00-0036264,QB,15.75,17.5
00-0028986,QB,15.75,12.4
00-0035710,QB,15.55,16.2
00-0041027,RB,15.3,16.7
00-0038559,WR,14.75,12.9
00-0039851,QB,14.74,17.3
00-0037840,RB,14.72,16.0
00-0033537,QB,14.61,14.4
00-0040715,RB,14.5,14.3
00-0039067,WR,14.2,14.5
00-0030565,QB,14.14,15.6
00-0040691,QB,14.08,
00-0036355,QB,14.05,15.2
00-0037247,WR,14.03,14.6
00-0036410,WR,13.91,14.5
00-0037228,RB,13.89,16.5
00-0034855,QB,13.74,
00-0037238,WR,13.73,16.9
00-0033293,RB,13.69,16.1
00-0038606,WR,13.69,16.2
00-0032950,QB,13.59,0.6
00-0036973,RB,13.57,
00-0040128,TE,13.56,13.2
00-0036912,WR,13.53,16.0
00-0039064,WR,13.46,16.7
00-0023459,QB,13.36,13.9
00-0029604,QB,13.27,14.9
00-0033288,TE,13.24,13.3
00-0034383,TE,13.22,10.2
00-0039917,QB,13.2,14.6
00-0030506,TE,13.15,12.7
00-0032268,QB,12.92,16.6
00-0036555,RB,12.82,16.2
00-0038933,TE,12.73,12.0
00-0038120,RB,12.6,1.0
00-0034869,QB,12.59,15.9
00-0040124,WR,12.48,15.3
00-0039361,RB,12.48,13.9
00-0031588,WR,12.44,11.5
00-0039065,TE,12.42,11.6
00-0035685,RB,12.21,11.8
00-0040676,QB,11.96,13.0
00-0035228,QB,11.81,17.7
00-0036040,TE,11.8,11.5
00-0036322,WR,11.75,9.6
00-0041496,RB,11.66,
00-0035640,WR,11.59,11.5
00-0030279,WR,11.49,10.7
00-0039491,WR,11.44,6.9
00-0037838,TE,11.36,10.8
00-0038997,WR,11.32,13.8
00-0040784,RB,11.28,11.7
00-0040667,WR,11.22,14.2
00-0040129,WR,11.16,10.6
00-0035659,WR,11.15,11.9
00-0040663,TE,11.12,11.4
00-0040666,RB,11.08,11.5
00-0039424,WR,11.07,10.9
00-0031408,WR,11.01,6.8
00-0039337,WR,10.97,12.7
00-0036613,WR,10.87,13.7
00-0035676,WR,10.77,
00-0037240,WR,10.66,10.9
00-0038117,WR,10.58,10.1
00-0038996,TE,10.52,11.1
00-0031610,TE,10.37,9.2
00-0040735,WR,10.34,12.2
00-0035719,WR,10.29,11.4
00-0034348,WR,10.24,9.6
00-0034960,WR,10.2,10.7
00-0040730,RB,10.19,9.5
00-0034827,WR,10.02,12.4
00-0038128,QB,10.02,13.3
00-0039919,WR,9.98,9.6
00-0040583,RB,9.96,8.7
00-0034829,TE,9.96,6.8
00-0039915,WR,9.86,12.3
00-0034844,RB,9.79,14.8
00-0040719,RB,9.78,13.7
00-0032464,WR,9.73,9.2
00-0033906,RB,9.72,10.1
00-0034753,TE,9.65,10.1
00-0036139,RB,9.55,0.0
00-0037525,RB,9.49,
00-0036972,QB,9.47,0.5
00-0038041,TE,9.41,9.0
00-0037261,WR,9.37,9.5
00-0038994,WR,9.36,11.7
00-0040236,RB,9.35,9.1
00-0036252,WR,9.18,8.8
00-0035644,TE,9.17,4.7
00-0033110,TE,9.16,8.2
00-0036158,RB,9.11,9.5
00-0031503,QB,9.1,14.1
00-0038544,WR,9.08,8.7
00-0039890,WR,9.05,4.7
00-0038935,TE,8.99,9.1
00-0035261,RB,8.89,9.8
00-0040242,RB,8.87,10.8
00-0037664,WR,8.82,
00-0038563,WR,8.77,9.2
00-0037256,RB,8.77,8.0
00-0035704,QB,8.77,0.8
00-0038129,TE,8.73,6.7
00-0036875,RB,8.67,11.0
00-0037263,RB,8.6,7.9
00-0039894,WR,8.59,9.2
00-0040734,RB,8.58,10.1
00-0034351,TE,8.55,1.5
00-0033555,WR,8.54,9.1
00-0035229,TE,8.53,8.5
00-0038618,WR,8.5,7.2
00-0041037,WR,8.46,10.6
00-0041438,WR,8.37,10.3
00-0039880,WR,8.33,10.3
00-0039410,WR,8.23,8.3
00-0039066,TE,8.19,7.0
00-0041547,WR,8.16,9.7
00-0040126,TE,8.14,9.3
00-0041512,RB,8.04,9.3
00-0039893,WR,8.03,8.7
00-0038393,WR,7.99,9.8
00-0037816,WR,7.97,10.1
00-0039040,RB,7.95,
00-0033090,TE,7.89,8.4
00-0036894,TE,7.88,8.6
00-0038797,RB,7.86,6.7
00-0039793,TE,7.78,7.8
00-0039811,RB,7.65,5.9
00-0040668,QB,7.6,0.9
00-0041032,TE,7.57,10.1
00-0033921,WR,7.53,9.1
00-0039849,WR,7.41,8.4
00-0039901,WR,7.36,6.2
00-0039739,WR,7.29,
00-0037614,WR,7.25,3.8
00-0036919,RB,7.22,6.9
00-0030061,TE,7.13,5.8
00-0036550,WR,7.09,8.9
00-0037545,WR,7.09,7.7
00-0036259,WR,7.09,6.2
00-0033307,WR,7.07,7.2
00-0036970,TE,7.0,8.3
00-0037809,TE,6.99,3.2
00-0033908,WR,6.87,6.3
00-0038840,WR,6.85,5.6
00-0039738,RB,6.83,7.9
00-0040648,WR,6.78,2.7
00-0039299,RB,6.76,5.2
00-0041523,WR,6.71,2.2
00-0040134,WR,6.65,8.1
00-0039391,RB,6.64,2.6
00-0040170,WR,6.55,6.0
00-0038611,RB,6.54,6.0
00-0033526,RB,6.51,5.1
00-0038608,WR,6.5,7.8
00-0037157,RB,6.44,0.8
00-0041048,WR,6.43,6.8
00-0035537,RB,6.41,5.3
00-0040189,TE,6.39,7.2
00-0040727,WR,6.39,8.1
00-0033881,TE,6.38,6.6
00-0041040,WR,6.32,6.2
00-0040736,TE,6.26,1.5
00-0039868,WR,6.17,4.2
00-0040584,TE,6.17,6.1
00-0033885,TE,6.17,
00-0040277,WR,6.16,0.6
00-0036407,WR,6.16,5.6
00-0036988,WR,6.15,5.4
00-0037252,TE,6.14,6.4
00-0040737,TE,6.13,4.4
00-0041194,QB,6.11,
00-0041052,RB,6.08,5.8
00-0039146,WR,6.07,
00-0038621,WR,6.06,6.5
00-0041489,WR,5.95,5.4
00-0039847,TE,5.95,3.6
00-0035250,RB,5.93,0.5
00-0039451,WR,5.92,6.3
00-0039344,RB,5.89,
00-0039342,WR,5.87,1.9
00-0035662,WR,5.83,0.0
00-0038551,RB,5.74,7.9
00-0038104,WR,5.74,6.7
00-0040590,WR,5.67,6.2
00-0036309,WR,5.6,6.0
00-0039794,RB,5.55,13.4
00-0041042,WR,5.53,7.1
00-0032775,WR,5.49,
00-0037005,TE,5.46,4.6
00-0040138,WR,5.32,6.2
00-0032385,WR,5.29,2.1
00-0040024,WR,5.28,1.5
00-0037746,RB,5.27,5.8
00-0033858,TE,5.27,3.4
00-0034975,RB,5.18,5.7
00-0037291,WR,5.17,6.9
00-0036244,TE,5.17,5.6
00-0039032,RB,5.14,5.9
00-0040198,RB,5.06,8.0
00-0038783,TE,5.03,1.9
00-0040669,WR,5.02,6.1
00-0035689,TE,5.01,4.2
00-0038619,WR,4.99,
00-0039384,RB,4.98,2.2
00-0038558,TE,4.97,6.2
00-0034837,WR,4.9,4.9
00-0041013,RB,4.9,7.0
00-0035891,WR,4.84,2.8
00-0032398,WR,4.84,3.9
00-0040466,RB,4.83,4.9
00-0033662,QB,4.82,0.3
00-0038728,WR,4.77,2.6
00-0041100,WR,4.76,3.3
00-0040870,WR,4.74,
00-0040729,WR,4.73,0.0
00-0037231,WR,4.65,0.2
00-0035208,WR,4.65,5.2
00-0041525,WR,4.61,8.3
00-0032392,TE,4.59,2.9
00-0038454,RB,4.53,7.7
00-0036290,TE,4.51,4.3
00-0040172,WR,4.48,4.9
00-0040948,WR,4.48,2.2
00-0040705,WR,4.39,3.0
00-0040078,RB,4.34,1.2
00-0034981,TE,4.33,3.6
00-0038555,RB,4.32,3.4
00-0037741,WR,4.3,6.0
00-0040867,WR,4.28,8.1
00-0036626,WR,4.25,2.6
00-0039041,TE,4.25,1.8
00-0040237,WR,4.25,4.8
00-0040646,WR,4.22,2.3
00-0041067,WR,4.17,5.9
00-0036463,WR,4.15,0.0
00-0035249,TE,4.08,
00-0036637,TE,4.08,4.1
00-0041550,WR,4.07,0.5
00-0038685,RB,4.05,4.7
00-0039746,RB,4.03,4.3
