fantasypros_id,player_owned_avg,date
9001,21.4,2026-10-09
9300,0.7,2026-10-09
9451,91.0,2026-10-09
9907,1.0,2026-10-09
10007,0.6,2026-10-09
10977,0.0,2026-09-14
11177,41.8,2026-10-09
11204,0.0,2026-09-21
11425,1.8,2026-10-09
11594,96.0,2026-10-05
11606,0.6,2026-09-14
11616,34.1,2026-10-09
11686,0.0,2026-09-21
11687,9.8,2026-10-09
11689,2.1,2026-10-09
11798,0.9,2026-10-05
12119,94.0,2026-10-09
12122,0.8,2026-10-09
12123,97.9,2026-10-09
12127,2.7,2026-10-02
12142,0.0,2026-09-21
12198,0.0,2026-09-19
12208,1.4,2026-10-09
12233,0.0,2026-09-21
12530,0.0,2026-09-21
12743,0.0,2026-09-14
13890,6.1,2026-10-09
13891,6.7,2026-10-09
13924,0.6,2026-10-09
13971,1.0,2026-09-14
13981,87.3,2026-10-09
14014,0.0,2026-10-09
14104,39.5,2026-10-05
14191,1.0,2026-10-09
14338,1.1,2026-09-21
15246,0.0,2026-09-14
15495,0.2,2026-10-09
15501,86.3,2026-10-09
15514,99.7,2026-10-09
15520,1.2,2026-10-09
15561,53.0,2026-10-09
15569,1.8,2026-10-09
15581,0.9,2026-10-09
15593,0.0,2026-09-21
15600,95.7,2026-10-09
15623,3.3,2026-10-09
15642,32.6,2026-10-09
15645,0.0,2026-09-21
15654,0.3,2026-10-09
15665,2.8,2026-09-22
15745,0.0,2026-09-14
15802,8.0,2026-09-14
15827,0.0,2026-09-21
16081,37.4,2026-10-09
16381,1.0,2026-10-09
16393,99.8,2026-10-09
16398,12.3,2026-10-09
16399,9.1,2026-09-21
16406,70.9,2026-10-09
16411,3.7,2026-10-09
16413,93.8,2026-10-05
16417,0.6,2026-10-09
16420,2.6,2026-09-14
16421,62.3,2026-10-09
16423,5.2,2026-10-09
16425,0.9,2026-09-21
16427,2.0,2026-09-21
16431,1.0,2026-09-14
16433,12.2,2026-10-09
16434,2.0,2026-09-21
16443,1.3,2026-09-21
16447,8.7,2026-10-09
16460,0.8,2026-10-09
16477,0.7,2026-10-09
16483,3.1,2026-10-09
16489,6.5,2026-10-09
16499,96.4,2026-10-09
16502,0.0,2026-10-09
16556,1.8,2026-09-19
16579,0.6,2026-10-09
16673,87.5,2026-10-09
16706,1.6,2026-10-09
16726,1.0,2026-10-05
16743,0.1,2026-10-09
16757,1.4,2026-10-05
16879,1.0,2026-10-09
16937,0.0,2026-09-14
17066,1.2,2026-10-09
17115,0.7,2026-09-14
17145,0.8,2026-10-09
17233,99.7,2026-10-09
17234,0.7,2026-10-09
17236,49.8,2026-10-09
17237,55.7,2026-09-28
17240,99.4,2026-10-09
17253,73.5,2026-10-09
17258,4.9,2026-10-09
17262,1.1,2026-09-14
17264,1.0,2026-09-14
17265,94.8,2026-10-09
17269,79.3,2026-10-09
17270,71.3,2026-10-09
17272,25.6,2026-10-09
17289,0.6,2026-10-05
17298,99.9,2026-10-09
17307,0.0,2026-09-21
17349,53.9,2026-10-09
17387,0.0,2026-10-09
17415,1.0,2026-09-14
17508,0.6,2026-10-06
17527,1.5,2026-10-09
17528,1.3,2026-10-09
17530,1.0,2026-09-14
17587,0.0,2026-09-21
17598,1.0,2026-10-04
17603,1.8,2026-09-14
17739,0.0,2026-09-14
17793,1.4,2026-09-21
17826,2.3,2026-10-09
17869,0.8,2026-09-21
17888,0.0,2026-09-14
18166,1.2,2026-10-05
18168,0.0,2026-10-09
18218,99.7,2026-09-14
18219,91.5,2026-10-09
18225,1.5,2026-10-09
18226,1.2,2026-10-09
18229,0.0,2026-09-14
18232,22.8,2026-10-09
18239,95.6,2026-10-09
18244,80.6,2026-10-09
18246,0.0,2026-09-05
18256,7.3,2026-10-09
18269,83.7,2026-10-09
18280,3.9,2026-10-09
18290,53.0,2026-10-09
18367,0.0,2026-09-21
18397,1.2,2026-10-09
18406,1.5,2026-10-09
18466,93.4,2026-10-09
18487,0.6,2026-09-28
18520,2.7,2026-10-09
18557,1.0,2026-09-21
18561,0.6,2026-10-09
18562,1.0,2026-10-09
18565,0.0,2026-09-28
18571,1.0,2026-10-09
18585,0.6,2026-10-09
18587,1.1,2026-09-21
18590,1.1,2026-10-09
18591,0.0,2026-09-21
18598,66.9,2026-10-09
18600,60.7,2026-10-09
18604,0.6,2026-10-09
18615,1.0,2026-09-14
18616,0.6,2026-10-09
18631,1.6,2026-10-09
18633,1.1,2026-09-28
18635,76.9,2026-10-09
18656,0.7,2026-10-09
18705,87.7,2026-10-09
18706,0.8,2026-10-09
18713,0.0,2026-09-21
18714,0.0,2026-09-21
18748,0.0,2026-10-05
18757,0.0,2026-09-21
18856,0.0,2026-09-21
18864,0.6,2026-10-09
18885,0.0,2026-09-21
18902,0.0,2026-10-09
19052,0.0,2026-10-09
19074,1.1,2026-10-05
19098,0.0,2026-09-28
19196,98.6,2026-10-09
19198,4.9,2026-10-09
19201,14.6,2026-10-09
19202,99.8,2026-10-09
19210,96.7,2026-10-09
19211,98.2,2026-10-09
19217,99.8,2026-10-09
19219,0.0,2026-09-21
19221,0.0,2026-09-21
19222,98.5,2026-10-09
19229,1.8,2026-10-09
19231,96.5,2026-09-28
19236,99.8,2026-10-09
19245,80.1,2026-10-09
19246,61.4,2026-10-09
19252,2.9,2026-09-09
19270,0.6,2026-10-09
19275,97.3,2026-10-09
19278,68.3,2026-10-09
19297,1.7,2026-10-09
19302,7.4,2026-10-09
19358,1.0,2026-10-05
19359,0.0,2026-09-21
19372,3.5,2026-10-09
19375,0.0,2026-09-14
19389,0.0,2026-09-21
19398,1.0,2026-09-14
19423,0.6,2026-10-09
19449,0.0,2026-09-21
19456,0.0,2026-10-09
19483,1.5,2026-09-14
19501,0.6,2026-10-09
19521,0.2,2026-10-09
19534,0.0,2026-09-14
19539,0.6,2026-10-05
19562,69.2,2026-10-09
19590,14.0,2026-10-09
19627,1.1,2026-09-10
19647,76.2,2026-10-09
19665,0.0,2026-10-09
19739,0.7,2026-10-09
19747,1.0,2026-10-09
19780,91.9,2026-10-09
19781,0.9,2026-10-05
19788,99.8,2026-10-09
19790,96.3,2026-10-09
19792,95.2,2026-10-05
19794,22.6,2026-10-09
19797,92.5,2026-10-09
19799,99.8,2026-10-09
19800,1.1,2026-09-21
19801,1.0,2026-10-09
19803,1.0,2026-09-20
19810,3.1,2026-10-09
19844,0.1,2026-10-09
20073,1.8,2026-09-14
20081,0.0,2026-10-05
20082,0.6,2026-10-09
20094,46.2,2026-10-09
20095,1.6,2026-09-14
20100,1.6,2026-09-12
20111,99.5,2026-10-09
20113,0.6,2026-10-09
20114,1.1,2026-10-09
20126,0.8,2026-10-09
20130,99.5,2026-10-09
20135,0.0,2026-09-21
20155,1.1,2026-09-12
20156,0.9,2026-10-09
20162,1.0,2026-10-09
20163,17.7,2026-10-09
20164,70.7,2026-10-09
22679,1.0,2026-10-09
22684,0.0,2026-10-09
22718,78.5,2026-10-09
22722,1.0,2026-10-05
22726,91.0,2026-10-09
22728,1.0,2026-09-14
22739,99.3,2026-10-09
22756,0.7,2026-10-09
22763,1.2,2026-09-21
22783,1.0,2026-10-05
22795,0.6,2026-10-05
22799,1.1,2026-10-09
22820,1.4,2026-10-09
22833,1.2,2026-10-09
22841,1.2,2026-10-01
22843,0.1,2026-10-09
22845,1.6,2026-10-09
22884,0.6,2026-10-09
22895,1.3,2026-10-05
22900,61.4,2026-10-05
22902,83.5,2026-10-09
22905,1.7,2026-10-09
22908,25.6,2026-10-06
22910,76.4,2026-10-09
22913,2.3,2026-10-05
22915,8.4,2026-10-09
22916,99.3,2026-10-09
22921,3.6,2026-09-28
22923,1.1,2026-10-09
22924,0.0,2026-10-05
22928,1.0,2026-09-21
22930,43.5,2026-10-09
22932,0.0,2026-09-14
22936,99.7,2026-10-09
22947,1.2,2026-10-09
22948,0.0,2026-09-11
22953,2.5,2026-10-09
22955,99.7,2026-10-09
22956,1.1,2026-09-14
22958,99.8,2026-10-09
22962,0.0,2026-09-21
22963,99.5,2026-10-09
22965,1.2,2026-09-26
22967,2.6,2026-10-09
22968,99.8,2026-10-09
22969,77.2,2026-09-16
22971,0.0,2026-09-21
22973,10.3,2026-10-09
22976,0.8,2026-10-09
22978,97.7,2026-10-09
22980,6.1,2026-10-09
22982,97.7,2026-10-09
22985,64.0,2026-10-09
22986,29.1,2026-10-09
22989,16.0,2026-10-09
22995,0.0,2026-09-12
22997,0.6,2026-10-09
22998,1.4,2026-10-04
23000,66.8,2026-10-09
23001,1.3,2026-09-21
23004,0.8,2026-10-09
23013,72.3,2026-10-09
23014,1.0,2026-09-14
23018,2.4,2026-10-09
23019,67.6,2026-10-05
23020,73.7,2026-09-23
23021,99.6,2026-10-05
23028,1.0,2026-09-21
23030,0.6,2026-10-09
23039,1.0,2026-09-21
23045,0.6,2026-10-09
23046,92.3,2026-10-09
23049,1.0,2026-10-09
23054,1.0,2026-09-19
23056,10.2,2026-10-09
23059,99.2,2026-10-09
23062,94.7,2026-10-09
23064,70.4,2026-10-09
23065,90.1,2026-10-09
23066,1.0,2026-10-09
23070,99.8,2026-10-09
23071,45.0,2026-10-09
23072,98.3,2026-10-09
23075,1.0,2026-09-14
23079,1.8,2026-10-09
23080,2.5,2026-10-09
23081,0.6,2026-10-09
23084,91.9,2026-10-02
23091,21.0,2026-10-03
23092,1.8,2026-10-09
23093,1.0,2026-09-12
23096,86.8,2026-10-09
23101,1.4,2026-10-09
23104,1.4,2026-10-09
23106,94.4,2026-10-09
23107,82.8,2026-10-09
23113,98.8,2026-10-05
23118,51.6,2026-10-09
23119,0.6,2026-10-09
23120,0.0,2026-09-14
23123,60.5,2026-10-09
23133,99.8,2026-10-09
23135,0.6,2026-10-09
23136,99.7,2026-09-28
23141,0.0,2026-09-19
23144,4.3,2026-09-12
23146,0.0,2026-10-01
23153,6.6,2026-10-09
23160,93.3,2026-09-23
23163,99.6,2026-10-09
23167,1.2,2026-09-21
23172,1.0,2026-09-14
23174,0.0,2026-09-21
23179,13.8,2026-09-28
23180,99.8,2026-10-09
23181,6.9,2026-10-09
23182,0.0,2026-10-09
23186,0.0,2026-09-18
23193,0.0,2026-09-14
23196,1.0,2026-10-09
23249,0.1,2026-10-09
23260,0.0,2026-09-11
23293,0.0,2026-09-21
23310,58.4,2026-10-09
23341,0.6,2026-10-09
23351,0.0,2026-09-14
23416,1.0,2026-09-21
23438,0.0,2026-09-21
23451,1.0,2026-10-09
23499,23.2,2026-10-09
23531,1.0,2026-09-14
23677,93.6,2026-10-09
23679,3.4,2026-10-09
23680,0.6,2026-09-20
23682,1.1,2026-10-05
23727,1.0,2026-09-05
23742,0.6,2026-10-09
23748,57.1,2026-10-09
23761,1.0,2026-10-09
23770,1.1,2026-10-09
23781,88.9,2026-10-09
23791,84.4,2026-09-23
23794,69.0,2026-10-09
23798,1.0,2026-09-21
23812,1.0,2026-10-09
23829,3.9,2026-10-09
23837,0.6,2026-10-09
23883,0.0,2026-09-21
23886,95.3,2026-10-09
23891,60.7,2026-10-09
23905,1.4,2026-10-09
23927,0.6,2026-09-21
23957,0.0,2026-09-21
23982,18.8,2026-10-09
23986,0.6,2026-09-24
24029,1.0,2026-10-09
24049,0.6,2026-10-09
24134,1.0,2026-09-21
24172,46.1,2026-10-09
24173,1.1,2026-09-21
24177,17.7,2026-10-09
24182,0.0,2026-09-14
24205,7.5,2026-09-12
24209,93.8,2026-10-09
24214,1.6,2026-10-05
24216,1.2,2026-09-14
24234,1.0,2026-10-09
24238,2.8,2026-10-09
24239,0.0,2026-10-09
24240,1.8,2026-09-21
24330,1.0,2026-10-01
24331,1.2,2026-10-09
24332,1.2,2026-10-05
24333,32.9,2026-09-04
24334,0.6,2026-10-02
24335,1.0,2026-10-09
24343,8.0,2026-10-09
24344,1.3,2026-10-09
24345,0.8,2026-09-19
24346,73.8,2026-10-09
24347,1.6,2026-10-09
24351,2.6,2026-10-09
24352,0.9,2026-09-21
24354,36.2,2026-10-09
24357,27.4,2026-10-09
24360,8.1,2026-10-09
24361,1.2,2026-10-09
24362,4.2,2026-10-09
24366,0.0,2026-10-01
24367,1.4,2026-10-09
24369,0.0,2026-09-21
24370,0.6,2026-10-09
24371,0.6,2026-10-09
24372,0.7,2026-09-19
24379,1.0,2026-09-21
24429,0.0,2026-09-21
24561,1.0,2026-10-09
24562,0.0,2026-10-05
24568,0.0,2026-10-09
24570,1.0,2026-10-09
24572,2.6,2026-09-05
24575,1.6,2026-09-21
24621,1.0,2026-09-14
24687,32.7,2026-10-09
24689,1.2,2026-10-09
24698,1.0,2026-09-21
24706,83.9,2026-10-09
24728,1.1,2026-09-21
24740,1.3,2026-10-09
24755,9.3,2026-10-09
24778,1.8,2026-09-21
24815,1.0,2026-09-28
24901,0.6,2026-10-09
25167,0.0,2026-09-21
25247,93.4,2026-10-09
25251,2.7,2026-10-09
25267,0.8,2026-10-09
25269,0.6,2026-10-09
25287,1.0,2026-09-21
25289,0.6,2026-10-09
25298,93.3,2026-10-09
25304,2.5,2026-10-09
25321,3.7,2026-10-09
25322,1.2,2026-10-09
25323,35.5,2026-10-09
25324,99.5,2026-10-09
25331,1.8,2026-09-28
25332,4.7,2026-10-09
25333,92.4,2026-10-09
25334,1.0,2026-10-09
25335,1.1,2026-09-25
25336,1.2,2026-10-09
25337,39.1,2026-10-09
25345,36.9,2026-10-09
25346,1.1,2026-10-09
25347,1.4,2026-09-14
25349,0.0,2026-09-04
25359,0.0,2026-10-05
25360,33.7,2026-10-09
25361,26.2,2026-10-09
25368,3.6,2026-10-09
25373,1.0,2026-10-09
25387,0.0,2026-09-12
25388,1.3,2026-09-13
25391,95.2,2026-10-09
25394,1.0,2026-09-14
25395,98.5,2026-10-09
25396,1.2,2026-10-09
25403,99.1,2026-10-09
25405,0.0,2026-09-19
25409,98.7,2026-10-09
25411,88.5,2026-10-09
25413,1.1,2026-09-12
25416,1.4,2026-10-09
25417,98.3,2026-10-05
25418,8.6,2026-10-09
25419,8.2,2026-10-09
25420,60.5,2026-10-09
25430,1.2,2026-10-09
25443,2.0,2026-10-09
25468,1.0,2026-10-09
25469,0.0,2026-10-09
25495,0.0,2026-10-09
25541,0.0,2026-09-14
25627,0.6,2026-10-09
25631,3.7,2026-10-05
25644,0.0,2026-10-09
25654,0.9,2026-10-09
25657,0.0,2026-10-09
25693,0.9,2026-10-09
25709,1.0,2026-09-12
25731,0.0,2026-10-05
25746,0.9,2026-10-09
25748,1.1,2026-09-21
25754,0.0,2026-09-14
25756,1.0,2026-10-09
25758,1.1,2026-09-21
25772,0.6,2026-10-05
25823,5.2,2026-10-09
25824,1.0,2026-09-18
25857,1.0,2026-10-09
25876,0.6,2026-10-09
25881,0.6,2026-10-09
25885,78.8,2026-10-09
25912,0.0,2026-09-14
25941,0.6,2026-10-09
25952,0.0,2026-09-19
25967,0.6,2026-10-05
25968,2.0,2026-10-09
25972,0.6,2026-10-09
25976,1.3,2026-09-14
25977,5.1,2026-10-09
25980,1.0,2026-10-05
25981,96.9,2026-10-09
25983,0.6,2026-10-09
25984,75.7,2026-10-09
25987,18.6,2026-10-09
25989,99.7,2026-10-09
25997,13.6,2026-10-09
25998,0.0,2026-09-05
26002,0.0,2026-10-09
26003,0.1,2026-10-09
26005,1.6,2026-10-09
26006,93.2,2026-10-09
26009,89.6,2026-10-09
26011,0.6,2026-10-09
26012,0.6,2026-10-09
26013,1.0,2026-09-14
26019,41.4,2026-10-09
26021,1.0,2026-09-14
26022,1.8,2026-10-09
26023,1.0,2026-10-09
26024,89.5,2026-10-09
26025,0.6,2026-09-20
26034,47.7,2026-10-09
26037,0.8,2026-10-09
26038,7.3,2026-10-09
26039,5.5,2026-10-09
26041,0.0,2026-09-12
26044,1.5,2026-09-12
26055,48.8,2026-10-09
26060,2.7,2026-10-09
26122,94.8,2026-10-09
26136,1.2,2026-10-02
26139,0.0,2026-10-09
26148,80.4,2026-09-23
26162,1.1,2026-09-14
26191,5.9,2026-10-09
26194,0.8,2026-10-09
26212,0.7,2026-10-09
26215,12.6,2026-10-09
26216,1.0,2026-09-14
26309,1.1,2026-10-09
26310,0.6,2026-10-09
26314,40.9,2026-10-09
26328,0.6,2026-10-09
26329,1.0,2026-10-02
26335,13.7,2026-10-09
26343,1.0,2026-10-01
26355,2.8,2026-10-09
26372,1.1,2026-09-12
26379,2.5,2026-10-09
26395,0.0,2026-09-12
26397,1.0,2026-09-21
26398,7.1,2026-10-09
26400,0.0,2026-09-14
26403,90.2,2026-10-04
26404,1.0,2026-10-09
26409,46.1,2026-10-09
26413,0.0,2026-09-21
26423,0.0,2026-10-05
26429,0.0,2026-09-14
26434,98.7,2026-10-09
26436,0.0,2026-09-14
26439,0.0,2026-09-14
26440,1.2,2026-09-05
26576,1.1,2026-10-09
26626,0.0,2026-10-09
26661,0.0,2026-10-09
26726,0.0,2026-09-21
26748,0.0,2026-10-03
26922,0.0,2026-10-09
26946,0.0,2026-10-09
27016,93.0,2026-10-09
27050,93.6,2026-10-09
27059,1.3,2026-10-09
27066,1.1,2026-09-14
27076,0.6,2026-10-05
27093,2.0,2026-10-09
27097,0.6,2026-10-09
27102,13.4,2026-09-21
27109,3.2,2026-10-09
27122,4.3,2026-10-09
27129,1.0,2026-10-04
27131,83.7,2026-10-09
27138,1.0,2026-10-05
27142,81.6,2026-10-09
27144,0.6,2026-10-09
27147,0.6,2026-10-09
27161,1.0,2026-10-04
27165,6.3,2026-10-09
27166,97.8,2026-10-09
27182,0.6,2026-10-09
27186,1.0,2026-09-21
27211,6.9,2026-10-09
27222,1.0,2026-09-14
27224,1.4,2026-10-03
27251,0.0,2026-09-14
27259,1.2,2026-10-05
27263,1.0,2026-09-21
27285,0.7,2026-10-09
27287,0.0,2026-10-09
27288,0.7,2026-09-19
27293,1.0,2026-09-21
27294,0.7,2026-10-05
27297,94.3,2026-10-09
27310,1.4,2026-10-09
27312,2.0,2026-09-05
27315,1.4,2026-10-09
27316,76.5,2026-10-09
27320,40.6,2026-09-28
27326,2.4,2026-09-21
27328,0.0,2026-09-11
27329,91.3,2026-10-02
27331,65.8,2026-10-09
27337,23.7,2026-09-21
27339,67.2,2026-10-09
27444,0.0,2026-10-09
27445,0.7,2026-10-09
27446,4.6,2026-10-09
27447,0.7,2026-10-09
27449,2.5,2026-10-09
27453,0.0,2026-10-09
27454,0.6,2026-10-05
27455,0.0,2026-09-21
27463,4.1,2026-10-09
27466,0.0,2026-09-14
27467,0.0,2026-09-14
27469,0.6,2026-10-09
27470,0.0,2026-09-14
27486,0.6,2026-10-09
27487,1.3,2026-10-09
27498,1.0,2026-09-28
27499,1.4,2026-10-09
27501,2.4,2026-10-05
27520,52.8,2026-10-09
27557,0.0,2026-09-05
27565,0.0,2026-09-14
27580,1.0,2026-10-04
27596,0.0,2026-09-28
27621,0.0,2026-09-05
27663,0.0,2026-09-13
27667,1.0,2026-09-14
27672,0.0,2026-10-09
27678,0.0,2026-09-14
27696,0.0,2026-09-14
27697,0.0,2026-09-28
27700,0.0,2026-10-05
27724,0.0,2026-10-05
27751,0.0,2026-09-11
27769,0.0,2026-09-14
27781,0.0,2026-10-05
27805,1.2,2026-10-09
27810,0.8,2026-10-09
27829,0.0,2026-09-21
27839,0.0,2026-09-10
27843,0.0,2026-09-18
27866,3.9,2026-10-09
27867,1.0,2026-10-04
27874,0.0,2026-09-11
27896,0.0,2026-10-05
27910,0.1,2026-10-01
27916,0.0,2026-09-21
27993,2.0,2026-10-09
27994,10.8,2026-10-09
28013,14.8,2026-10-09
28027,0.0,2026-09-12
28037,0.0,2026-09-21
28047,1.7,2026-09-14
28067,1.1,2026-10-09
28079,2.5,2026-10-04
28084,3.3,2026-10-09
28093,0.0,2026-09-14
28094,3.3,2026-10-09
28098,0.1,2026-10-09
28107,26.1,2026-10-05
28108,37.9,2026-10-09
28109,2.3,2026-09-21
28113,1.0,2026-10-09
28115,0.0,2026-09-14
28119,0.0,2026-09-11
28121,0.0,2026-09-09
28122,0.0,2026-09-12
28124,0.0,2026-09-14
28125,1.3,2026-10-05
28126,2.9,2026-10-09
28127,14.1,2026-09-19
28129,1.0,2026-10-09
28130,4.4,2026-10-09
28132,1.8,2026-10-09
28133,0.9,2026-10-09
28135,16.0,2026-10-09
28136,1.1,2026-09-14
28137,0.8,2026-10-09
28138,62.0,2026-09-16
28140,0.0,2026-09-21
28141,1.2,2026-10-02
28144,1.1,2026-10-05
28145,0.0,2026-09-12
28154,1.5,2026-10-09
28155,1.1,2026-10-09
28157,0.6,2026-10-03
28161,0.7,2026-10-09
28163,0.0,2026-10-09
28164,0.0,2026-09-14
28165,0.0,2026-10-05
28166,0.0,2026-10-03
28168,1.2,2026-10-09
28178,9.5,2026-10-09
28279,0.0,2026-09-05
28297,2.2,2026-10-01
28348,0.0,2026-09-05
28352,1.1,2026-10-01
28399,1.1,2026-10-05
28400,0.0,2026-09-18
28401,28.2,2026-10-09
28403,0.7,2026-10-09
28404,0.0,2026-09-14
28424,10.5,2026-10-05
28427,1.7,2026-10-09
28428,0.1,2026-09-21
28429,1.0,2026-09-14
28434,0.0,2026-10-05
28435,0.8,2026-10-09
28436,0.0,2026-09-14
28437,0.6,2026-10-05
28510,0.0,2026-09-11
28522,0.0,2026-09-14
28526,0.0,2026-09-14
28528,0.0,2026-09-14
28581,0.0,2026-09-14
28587,0.0,2026-09-14
28645,0.0,2026-09-14
28686,0.0,2026-10-09
28717,0.0,2026-09-05
28744,0.0,2026-09-21
28768,0.0,2026-09-12
28787,0.0,2026-09-14
28833,0.0,2026-10-05
28896,21.3,2026-10-09
28903,0.0,2026-09-14
28906,0.0,2026-09-12
29385,0.0,2026-09-21
